name,slug,category,classification,size,salePrice,originalPrice,discountPercent,thcPercent,cbdPercent,image,url,sku,shortDescription,description
Indica Pre-roll Single 1G,cat4-indica-preroll-single-1g,PREROLL,Indica,1G,3.6,4.5,20,21.49,,https://d14jfwlo68bhyr.cloudfront.net/banners/1773777565672-19763867-c23c-4f9d-812d-bb8a3a14364a.webp,https://catalyst-cannabis.com/product/cat4-indica-preroll-single-1g,0197186c-9088-734d-9bd2-c0957197db69,CAT4 Indica Pre-roll Single 1G with 21.49% THC,"This product is a single, full 1-gram pre-rolled joint featuring a blend of Indica-dominant strains, produced by CAT4 (a popular, high-value house brand of Catalyst Cannabis). As an Indica blend, the specific terpene profile will shift with the strain rotation, but the overall experience will lean toward classic, earthy notes."
Sativa Pre-roll Single 1G,cat4-sativa-preroll-single-1g,PREROLL,Sativa,1G,3.6,4.5,20,20.33,,https://d14jfwlo68bhyr.cloudfront.net/products/1774557733018-24265332-fd42-481a-9ca0-0362e9f423b0.webp,https://catalyst-cannabis.com/product/cat4-sativa-preroll-single-1g,0197186a-98e1-7dd5-a7b6-0779072154d5,CAT4 Sativa Pre-roll Single 1G with 20.33% THC,"The CAT4 SATIVA Pre-Roll is a single, full 1-gram joint featuring a Sativa-dominant cannabis flower blend, produced by the CAT4 product line, typically available through Catalyst Cannabis dispensaries. This is a full-flower, non-infused pre-roll designed to deliver a potent and uplifting Sativa experience in a single, large session size."
Hybrid Pre-roll Single 1G,cat4-hybrid-preroll-single-1g,PREROLL,Hybrid,1G,3.6,4.5,20,20.5,,https://d14jfwlo68bhyr.cloudfront.net/banners/1773774823750-5377abb3-a457-4e63-849e-d15c7e96c8a4.webp,https://catalyst-cannabis.com/product/cat4-hybrid-preroll-single-1g,0197186b-ba84-7f34-a567-3dbe4c91c637,CAT4 Hybrid Pre-roll Single 1G with 20.50% THC,"This product is a single, full 1-gram pre-rolled joint featuring a blended Hybrid strain, produced by CAT4 (a popular, high-value house brand of Catalyst Cannabis). As a Hybrid blend, the specific terpene profile may vary as the strain rotation changes, but the experience is designed to be smooth and consistent."
Strawberry Banana All in One 1G,cat4-strawberry-banana-all-in-one-1g,CARTRIDGE,Indica,1G,16.8,21.0,20,83.52,,https://d14jfwlo68bhyr.cloudfront.net/products/1783458351161-06848aea-e314-45b1-8296-e54fa6654c7b.webp,https://catalyst-cannabis.com/product/cat4-strawberry-banana-all-in-one-1g,01974270-0882-78d5-be31-9d61a0130865,CAT4 Strawberry Banana All in One 1G with 83.52% THC,"The CAT4 Strawberry Banana All-In-One (1000mg / 1 gram) is a high-potency cannabis concentrate in a disposable vape pen. This product, from the CAT4 line (associated with Catalyst Cannabis), features the famous Strawberry Banana (also known as Strawnana) strain profile, renowned for its sweet, fruity flavor and potent, balanced effects. The All-In-One (AIO) design means the battery, oil, and mouthpiece are contained in a single, ready-to-use, rechargeable disposable device. Strawberry Banana is celebrated for its incredibly authentic, dessert-like fruit flavor."
Peaches & Cream All in One 1G,cat4-peaches-cream-all-in-one-1g,CARTRIDGE,Sativa,1G,16.8,21.0,20,85.02,,https://d14jfwlo68bhyr.cloudfront.net/products/1783483452724-a4ee8add-83eb-4900-9811-7dc574fc2bce.webp,https://catalyst-cannabis.com/product/cat4-peaches-cream-all-in-one-1g,01976662-7c9f-70f8-993d-512ba80bcaa2,CAT4 Peaches & Cream All in One 1G with 85.02% THC,"The CAT4 Peaches & Cream All-In-One (1000mg / 1 gram) is a high-potency cannabis concentrate in a disposable vape pen. This product is part of the CAT4 line (from Catalyst Cannabis), featuring the highly sought-after Peaches & Cream flavor profile. The All-In-One (AIO) design means the battery, oil, and mouthpiece are contained in a single, ready-to-use, rechargeable disposable device. Peaches & Cream is celebrated for its truly authentic, indulgent dessert flavor."
Tropical Runtz Pod 1G,cat4-tropical-runtz-pod-1g,CARTRIDGE,Indica,1G,19.2,24.0,20,92.0,,https://d14jfwlo68bhyr.cloudfront.net/banners/1765501863069-3e85338b-2db5-4fe8-9e05-c5d44db4c6bb.webp,https://catalyst-cannabis.com/product/cat4-tropical-runtz-pod-1g,019b0e6e-fade-7b26-ac33-0b34e81d9c28,CAT4 Tropical Runtz Pod 1G with 79.61% THC,"The CAT4 Tropical Runtz Pod is a high-potency, full 1000mg vape pod, featuring a cultivar that belongs to the highly sought-after Runtz family. CAT4 typically uses ultra-pure distillate (often 85% - 92% THC) infused with a precise blend of terpenes to replicate the classic, candy-sweet flavor and effects. Tropical Runtz is a variation of the Runtz strain, leaning heavily toward the Sativa side. It is renowned for its vibrant, sweet tropical fruit flavor and an uplifting, functional high. This pod is a highly popular choice for its cheerful high and intense candy flavor."
Pineapple Express Pod 1G,cat4-pineapple-express-pod-1g,CARTRIDGE,Sativa,1G,19.2,24.0,20,83.32,,https://d14jfwlo68bhyr.cloudfront.net/products/1776909424928-1ad1d93e-dce7-4ee4-9622-3c0a347e0a48.webp,https://catalyst-cannabis.com/product/cat4-pineapple-express-pod-1g,019b0a86-60b3-763b-b18f-676db63738fa,CAT4 Pineapple Express Pod 1G with 83.32% THC,"The Pineapple Express 1G Pod of CAT4 is a high-potency, Sativa-dominant hybrid that delivers a tropical explosion of fresh pineapple, sweet citrus, and earthy pine. Utilizing ultra-refined CAT4 distillate for maximum purity and a clean burn, it provides an immediate cerebral lift that sparks creativity and mood-boosting energy without the heavy sedation of an Indica. Ideal for daytime productivity or social settings, this 1000mg pod offers a flavorful, ""feel-good"" experience that stays true to its legendary namesake."
Galactic Gelato Pod 1G,cat4-galactic-gelato-pod-1g,CARTRIDGE,Indica,1G,19.2,24.0,20,81.88,,https://d14jfwlo68bhyr.cloudfront.net/banners/1771553354756-912ac880-faa5-4483-9a03-1131412d9d0b.webp,https://catalyst-cannabis.com/product/cat4-galactic-gelato-pod-1g,019b146b-d954-7592-88e1-ebe99cd13f15,CAT4 Galactic Gelato Pod 1G with 81.88% THC,"The CAT4 Galactic Gelato Pod is a high-potency, full 1000mg vape pod, featuring the genetics and flavor profile of the popular Gelato strain lineage. CAT4 is associated with high-quality, high-potency cannabis products. The Gelato strain family, which ""Galactic Gelato"" clearly falls under, is renowned as an Indica-Leaning Hybrid known for its dessert-like flavor and potent, relaxing effects. The oil is typically a distillate base enhanced with terpenes for flavor. This pod offers a highly popular combination of dessert flavor and potent relaxation."
Watermelon Cartridge 1G,cat4-watermelon-cartridge-1g,CARTRIDGE,Hybrid,1G,15.6,19.5,20,82.4,,https://d14jfwlo68bhyr.cloudfront.net/banners/1773984252561-a188d2da-0b62-4177-b2fd-69f7a7777880.webp,https://catalyst-cannabis.com/product/cat4-watermelon-cartridge-1g,019b6b79-9a71-7f8b-bfa0-717857a5c840,CAT4 Watermelon Cartridge 1G with 82.40% THC,"CAT4 Watermelon Cartridge (1g) is a high-potency distillate vape designed for those who enjoy a bold, nostalgic fruit profile at a highly accessible price point. This cartridge delivers a crisp and refreshing sweet watermelon candy flavor that is smooth on the inhale and sugary on the exhale. Typically leaning toward the Indica side, it provides a mellow and calming physical high that helps ease tension and promote relaxation. It is a popular ""nightcap"" choice for users looking for a delicious, straightforward way to unwind and settle in for the evening."
Blue Razzmataz All in One 1G,cat4-blue-razzmataz-all-in-one-1g,CARTRIDGE,,1G,16.8,21.0,20,84.04,,https://d14jfwlo68bhyr.cloudfront.net/banners/1771218621123-585316b3-206d-4df0-9dfb-a1b10a05eaab.webp,https://catalyst-cannabis.com/product/cat4-blue-razzmataz-all-in-one-1g,019c0b1f-90ee-7478-9515-a2c9d342eb7f,CAT4 Blue Razzmataz All in One 1G with 84.04% THC,"The Blue Razzmataz (1g) All-In-One by CAT4 is the ultimate ""candy-gas"" companion for the modern consumer who values flavor, potency, and safety. Combining ultra-pure, triple-distilled oil with botanical and cannabis-derived terpenes, CAT4 has captured the nostalgic essence of tart blue raspberries and sweet berries. This rechargeable disposable delivers a balanced, euphoric high that provides an immediate mood boost before settling into a soft physical calm, all while meeting the industry's strictest CAT4 purity standards. Whether you’re looking for a discreet daytime lift or a flavorful way to unwind in the evening, Blue Razzmataz offers a smooth, reliable, and high-octane experience at a price that redefines ""value"" in the California market."
Granddaddy Purple Pod 1G,cat4-granddaddy-purple-pod-1g,CARTRIDGE,Hybrid,1G,19.2,24.0,20,92.0,,https://d14jfwlo68bhyr.cloudfront.net/banners/1765501782579-4be8c059-44b6-48e3-bfad-6c8b351cf294.webp,https://catalyst-cannabis.com/product/cat4-granddaddy-purple-pod-1g,019b002f-6b48-7eb5-a256-31825e912249,CAT4 Granddaddy Purple Pod 1G with 83.80% THC,"The CAT4 Granddaddy Purple (GDP) Pod is a high-potency, full 1000mg vape pod, featuring one of the most famous and beloved Indica strains in cannabis history. CAT4 typically uses ultra-pure distillate (often 85% - 92% THC) infused with a precise blend of terpenes to replicate the classic effects and flavor of the flower. GDP is renowned for its deep, tranquilizing body high and distinctive sweet berry/grape flavor. This pod is a classic choice for users seeking potent, evening-only relaxation."
Cat 4 Pod Battery,cat4-cat-4-pod-battery,MERCH,,,4.2,10.5,60,0.0,,https://d14jfwlo68bhyr.cloudfront.net/banners/1765564313808-7ec8e902-4eb8-4df8-8f80-ec3ddf9fb73a.webp,https://catalyst-cannabis.com/product/cat4-cat-4-pod-battery,019b04d3-5558-7aa2-9331-eb438c646c99,CAT4 Cat 4 Pod Battery with 0% THC,"The CAT 4 POD BATTERY is a rechargeable power source designed for use with a specific type of THC oil pod system. The ""CAT4"" name, often associated with a California brand like Catalyst Cannabis or in the context of disposable vapes by brands like Hype Train, indicates a proprietary or specialized battery platform that accepts corresponding pod-style cartridges rather than the common 510 thread screw-on cartridges. If you are looking at purchasing the CAT 4 POD BATTERY, you are buying the rechargeable hardware needed to consume oil from specialized CAT4-compatible vape pods."
Root Beer Kush All in One 1G,cat4-root-beer-kush-all-in-one-1g,CARTRIDGE,I/s,1G,16.8,21.0,20,85.34,,https://d14jfwlo68bhyr.cloudfront.net/products/1781659642384-94658804-7a9c-4bd0-86f5-c5ff4ece2f66.webp,https://catalyst-cannabis.com/product/cat4-root-beer-kush-all-in-one-1g,019b2e1d-598d-7ec3-8ebf-7cf5d3f548d2,CAT4 Root Beer Kush All in One 1G with 85.34% THC,"The Root Beer Kush 1g All-In-One (AIO) is a flagship product from CAT4, a brand owned and sold exclusively by Catalyst Cannabis. CAT4 was developed to provide high-potency, ultra-pure distillate in a sleek, convenient device at a price point that challenges the ""budget"" market without sacrificing safety or performance."
Tropical Z Cartridge 1G,cat4-tropical-z-cartridge-1g,CARTRIDGE,Indica,1G,15.6,19.5,20,84.0,,https://d14jfwlo68bhyr.cloudfront.net/banners/1773986372125-f4cf98e9-ad53-4e76-a35e-37458a90bd1d.webp,https://catalyst-cannabis.com/product/cat4-tropical-z-cartridge-1g,019b6b78-c94b-756a-a981-79980a329607,CAT4 Tropical Z Cartridge 1G with 84.00% THC,"CAT4 Tropical Z Cartridge (1g) is a high-potency distillate vape that offers a burst of exotic fruit flavors at a budget-friendly price point. Inspired by the popular ""Z"" (Zkittlez) lineage, this cartridge features a vibrant profile of sweet pineapple, tart passionfruit, and candied citrus. As an Indica, it provides a functional and ""happy"" high that pairs a pleasant cerebral buzz with a gentle sense of physical relaxation. It is a great choice for users looking for a flavorful, reliable ""daily driver"" that delivers a tropical escape and a versatile effect suitable for any time of day."
Rainbow Z Pod 1G,cat4-rainbow-z-pod-1g,CARTRIDGE,Hybrid,1G,19.2,24.0,20,87.2,,https://d14jfwlo68bhyr.cloudfront.net/banners/1766024621965-53ca4ae5-4d3f-4206-a419-670382edb7ff.webp,https://catalyst-cannabis.com/product/cat4-rainbow-z-pod-1g,019b2e1b-3fe3-70c3-8399-4c90729dac3b,CAT4 Rainbow Z Pod 1G with 87.20% THC,"The Vibrant, Candy-Flavored ""Feel-Good"" Hybrid. Tropical Fruit Punch, Sour Citrus Candy, Sweet Flowers, and a Soaring, Euphoric, and Social High. This 1g Rainbow Z Pod is a high-potency distillate concentrate from CAT4, the specialized value brand sold exclusively by Catalyst Cannabis. This pod offers a premium, clean experience with the nostalgic, sugary flavor of a tropical candy bag. Rainbow Z (also known as Rainbow Zkittlez or Rainbow Runtz) is a colorful, flavor-packed hybrid that takes the legendary ""Z"" genetics and dials up the fruity complexity."
Peachie Cartridge 1G,cat4-peachie-cartridge-1g,CARTRIDGE,,1G,15.6,19.5,20,83.1,,https://d14jfwlo68bhyr.cloudfront.net/banners/1773962792235-f5f07eb1-973a-4a40-a8ce-050c36196803.webp,https://catalyst-cannabis.com/product/cat4-peachie-cartridge-1g,019b6b76-96e0-7cbf-8d62-42416e7f361d,CAT4 Peachie Cartridge 1G with 83.10% THC,"CAT4 Peachie Cartridge (1g) is a high-potency distillate vape that offers a juicy, fruit-forward experience at an excellent value. This cartridge features a bold ripe peach and sweet nectar flavor profile that is smooth and consistent from start to finish. Typically categorized as a Hybrid, it provides a balanced high that blends a light, cheery mental uplift with a soothing physical calmness. It’s an ideal ""all-day"" vape for those who want a reliable, great-tasting cartridge that delivers a functional and pleasant buzz without being overly sedating."
Black Cherry Kush Pod 1G,cat4-black-cherry-kush-pod-1g,CARTRIDGE,Indica,1G,19.2,24.0,20,79.68,,https://d14jfwlo68bhyr.cloudfront.net/banners/1771556877992-c0be8bc4-acc3-4eda-b897-312fcd60a2ac.webp,https://catalyst-cannabis.com/product/cat4-black-cherry-kush-pod-1g,019b146c-7833-7f9f-b370-c2309e14d590,CAT4 Black Cherry Kush Pod 1G with 79.68% THC,"The CAT4 Black Cherry Kush Pod is a full 1000mg vape pod, formulated to deliver the flavor and effects of the classic Black Cherry Kush strain. CAT4 is associated with high-potency cannabis products. The Black Cherry Kush strain itself is widely available, generally classified as a True Hybrid or Indica-Dominant Hybrid. The product often uses a distillate base enhanced with terpenes to achieve its signature flavor. This pod offers a potent, balanced high with a comforting flavor."
Grape Cartridge 1G,cat4-grape-cartridge-1g,CARTRIDGE,Indica,1G,15.6,19.5,20,84.6,,https://d14jfwlo68bhyr.cloudfront.net/banners/1773246959432-dd06ed8a-048c-4f3a-880c-10f5ec053c51.webp,https://catalyst-cannabis.com/product/cat4-grape-cartridge-1g,019b6b75-94b7-74f4-9b5f-590e0d0c794b,CAT4 Grape Cartridge 1G with 84.60% THC,"CAT4 Grape Cartridge (1g) is an affordable, high-potency distillate cartridge designed for those who enjoy a classic, fruit-forward vaping experience. CAT4 is known for its ""no-nonsense"" approach, focusing on delivering high THC levels and bold, nostalgic flavors at a highly competitive price point. The Grape profile is characterized by its sweet, candy-like grape flavor—reminiscent of a grape soda or lollipop—with a smooth, clean finish. This Indica-leaning cartridge provides a relaxing and soothing body high, making it an excellent choice for evening use or for those looking to de-stress and unwind after a long day."
Double Melon All in One 1G,cat4-double-melon-all-in-one-1g,CARTRIDGE,Hybrid,1G,16.8,21.0,20,84.91,,https://d14jfwlo68bhyr.cloudfront.net/products/1783456343226-b1bc2cc0-e3be-4d4f-9c1f-6b616ddd5cd8.webp,https://catalyst-cannabis.com/product/cat4-double-melon-all-in-one-1g,019cb5e2-e46f-7821-b0b1-375149ad7f66,CAT4 Double Melon All in One 1G with 84.91% THC,"This CAT4 all-in-one vape cartridge delivers sweet, juicy double melon flavor in a convenient 1-gram disposable device. Perfect for on-the-go cannabis consumption, this portable vape offers smooth draws and fruity satisfaction without the need for a separate battery or charging."
Orange Creamsicle Cartridge 1G,cat4-orange-creamsicle-cartridge-1g,CARTRIDGE,,1G,15.6,19.5,20,84.0,,https://d14jfwlo68bhyr.cloudfront.net/banners/1773953807463-aade1e11-ab33-4152-9051-e309e8cf0ca4.webp,https://catalyst-cannabis.com/product/cat4-orange-creamsicle-cartridge-1g,019b6b78-23e5-7e3d-89a0-27144184ee7a,CAT4 Orange Creamsicle Cartridge 1G with 84.00% THC,"CAT4 Orange Creamsicle Cartridge (1g) is a high-potency distillate vape designed for enthusiasts who enjoy a sweet, dessert-inspired flavor profile at an accessible price. This cartridge delivers a nostalgic blast of creamy vanilla and bright, zesty citrus, perfectly mimicking the classic frozen summer treat. As a Sativa-dominant Hybrid, it provides an uplifting and euphoric mental buzz that pairs well with a light, tingling body relaxation. It is a popular choice for daytime use, offering a ""sunny"" disposition that can help enhance social situations or provide a flavorful boost to creative tasks."
Blue Dream Infused Pre-roll 5 Pack 2.5G,cat4-blue-dream-infused-preroll-5-pack-2-5g,PREROLL,Hybrid,2.5G,24.8,31.0,20,33.01,,https://d14jfwlo68bhyr.cloudfront.net/banners/1773457039967-7a4ec3bd-0013-4cf1-8156-15036a8681fa.webp,https://catalyst-cannabis.com/product/cat4-blue-dream-infused-preroll-5-pack-2-5g,01971947-1ea5-746c-922e-fcc383764700,CAT4 Blue Dream Infused Pre-roll 5 Pack 2.5G with 33.01% THC,"CAT4 (Category 4) is a brand known for delivering ""high-velocity"" potency at a competitive price point. Their Blue Dream 2.5g Multi-pack takes the legendary Sativa-dominant Hybrid and ""boosts"" it for the modern consumer. These are not your standard joints; they are Triple-Infused, meaning the flower is enhanced with THC-A Diamonds, brushed with cannabis oil, and rolled in Kief.

This 5-pack of ""shorties"" (0.5g each) is designed to hit like a storm, providing a much more intense psychoactive experience than traditional Blue Dream flower."
Diesel OG Pod 1G,cat4-diesel-og-pod-1g,CARTRIDGE,Sativa,1G,19.2,24.0,20,92.0,,https://d14jfwlo68bhyr.cloudfront.net/banners/1765501676484-f598c725-1d63-4ebb-bcd5-9c121bd31ba4.webp,https://catalyst-cannabis.com/product/cat4-diesel-og-pod-1g,019b0e6d-9f62-7fdc-a6c3-45becc23796e,CAT4 Diesel OG Pod 1G with 81.44% THC,"The CAT4 Diesel OG Pod is a high-potency, full 1000mg vape pod, featuring the genetics and powerful effects of the Diesel and OG Kush family. CAT4 typically utilizes ultra-pure distillate (often 85% - 92% THC) infused with a specific blend of terpenes to replicate the classic, potent flavor and effects of the flower. Diesel OG (or OG Diesel Kush) is classified as a potent Hybrid. While the ""Diesel"" lineage often suggests Sativa-leaning energy, the ""OG Kush"" influence typically steers this cross toward an Indica-Leaning and deeply relaxing experience. This pod is a classic choice for users seeking a powerful, gas-flavored, and deeply relaxing high."
Watermelon Z Infused Pre-roll 2 Pack 1G,cat4-watermelon-z-infused-preroll-2-pack-1g,PREROLL,Indica,1G,10.8,13.5,20,30.05,,https://d14jfwlo68bhyr.cloudfront.net/products/1777088276558-41d3c557-28d6-4cd6-b2c2-9b4c883532d1.webp,https://catalyst-cannabis.com/product/cat4-watermelon-z-infused-preroll-2-pack-1g,01979e5b-b6d2-7f35-bd37-45b9e554ba12,CAT4 Watermelon Z Infused Pre-roll 2 Pack 1G with 30.05% THC,"Catalyst's Watermelon Z Prerolls burst with sweet watermelon and tropical fruit flavors, enhanced by potent liquid diamonds for a smooth, intense smoke. These prerolls deliver a relaxing, euphoric high, perfect for chilling out."
Watermelon Z Infused Pre-roll 5 Pack 2.5G,cat4-watermelon-z-infused-preroll-5-pack-2-5g,PREROLL,Indica,2.5G,24.8,31.0,20,30.05,,https://d14jfwlo68bhyr.cloudfront.net/products/1774567765524-4b5d05cd-92d2-4fd7-8c83-8219ccabd0bc.webp,https://catalyst-cannabis.com/product/cat4-watermelon-z-infused-preroll-5-pack-2-5g,0197186b-7b85-7186-84b9-e3eb6298a1cf,CAT4 Watermelon Z Infused Pre-roll 5 Pack 2.5G with 30.05% THC,"Catalyst's Watermelon Z Prerolls burst with sweet watermelon and tropical fruit flavors, enhanced by potent liquid diamonds for a smooth, intense smoke. These prerolls deliver a relaxing, euphoric high, perfect for chilling out."
Blue Dream Infused Pre-roll 2 Pack 1G,cat4-blue-dream-infused-preroll-2-pack-1g,PREROLL,Hybrid,1G,10.8,13.5,20,33.01,,https://d14jfwlo68bhyr.cloudfront.net/banners/1773456902318-52b0cb97-b1b0-44f3-8074-a5f7b309eed5.webp,https://catalyst-cannabis.com/product/cat4-blue-dream-infused-preroll-2-pack-1g,0197193a-ecf6-7382-82bf-7e260c020d6e,CAT4 Blue Dream Infused Pre-roll 2 Pack 1G with 33.01% THC,"Catalyst's Blue Dream Infused Prerolls burst with sweet blueberry and hazy earthy notes, enhanced by potent rosin for a smooth, flavorful smoke. Its uplifting, creative high delivers a balanced buzz, perfect for daytime focus or socializing."
Hybrid Pre-roll 14 Pack 14G,cat4-hybrid-preroll-14-pack-14g,PREROLL,Hybrid,14G,42.4,53.0,20,17.42,,https://d14jfwlo68bhyr.cloudfront.net/banners/1773774768038-85d1788f-ecba-4602-a9c4-b38bf8cbef94.webp,https://catalyst-cannabis.com/product/cat4-hybrid-preroll-14-pack-14g,019a4b22-984e-7266-8bc9-701a0d9f14b3,CAT4 Hybrid Pre-roll 14 Pack 14G with 17.42% THC,"This product is a large volume package of fourteen 1.0-gram pre-rolled joints, totaling a full 14 grams (half-ounce) of flower, featuring a blended Hybrid strain, produced by CAT4 (a house brand of Catalyst Cannabis). As a Hybrid blend, the specific terpene profile may vary by batch, but it will deliver a standard, quality flower profile."
Private Reserve OG Infused Pre-roll 5 Pack 2.5G,cat4-private-reserve-og-infused-preroll-5-pack-2-5g,PREROLL,Indica,2.5G,24.8,31.0,20,32.9,,https://d14jfwlo68bhyr.cloudfront.net/products/1776914057315-b921f2c3-8719-4fb4-b274-9a1e22b78587.webp,https://catalyst-cannabis.com/product/cat4-private-reserve-og-infused-preroll-5-pack-2-5g,019aa7a9-8878-7317-95ad-7350a7626f58,CAT4 Private Reserve OG Infused Pre-roll 5 Pack 2.5G with 32.90% THC,"The CAT4 Private Reserve OG Infused Pre-Roll 5-Pack contains five 0.5-gram joints, totaling 2.5 grams of cannabis material. This product is part of the high-potency infused pre-roll line from CAT4 (associated with Catalyst Cannabis). As an infused product, each joint is made with premium flower fortified with cannabis concentrate (like liquid diamonds, hash, or distillate), making them significantly more potent than standard flower pre-rolls. Private Reserve OG is celebrated for its classic, pungent, OG-family flavor profile."
Sativa Pre-roll 14 Pack 14G,cat4-sativa-preroll-14-pack-14g,PREROLL,Sativa,14G,42.4,53.0,20,20.19,,https://d14jfwlo68bhyr.cloudfront.net/products/1774557681292-e8cdc8f4-7f3a-495c-afb1-547d52014eb0.webp,https://catalyst-cannabis.com/product/cat4-sativa-preroll-14-pack-14g,019a4b24-970f-7520-9e56-b96aafded7a6,CAT4 Sativa Pre-roll 14 Pack 14G with 20.19% THC,"The CAT4 Sativa Pre-Roll 14-Pack is a large-format package containing a full half-ounce (14g) of pre-rolled Sativa flower, designed for value and convenience. This pack is part of the CAT4 product line, produced for and primarily available at Catalyst Cannabis dispensaries. This product is marketed as a high-volume, ready-to-smoke option for daily Sativa consumers."
Pineapple Express Infused Pre-roll 2 Pack 1G,cat4-pineapple-express-infused-preroll-2-pack-1g,PREROLL,Hybrid,1G,10.8,13.5,20,36.26,,https://d14jfwlo68bhyr.cloudfront.net/products/1776913638944-286ac17e-438b-4bf0-9222-aaeda5f7418d.webp,https://catalyst-cannabis.com/product/cat4-pineapple-express-infused-preroll-2-pack-1g,019aa7af-fa73-7fa3-9d18-53d7e8722611,CAT4 Pineapple Express Infused Pre-roll 2 Pack 1G with 36.26% THC,"The CAT4 Pineapple Express Infused Pre-Roll 2-Pack contains two 0.5-gram joints, totaling 1.0 gram of cannabis material. This product is part of the high-potency infused pre-roll line from CAT4 (associated with Catalyst Cannabis). Infused pre-rolls are significantly stronger than regular flower, as the flower is fortified with cannabis concentrate (like distillate or diamonds) and often kief, delivering a highly potent and enhanced smoking experience. Pineapple Express is celebrated for its bright, tropical flavor profile."
Wedding Cake Badder 1G,cat4-wedding-cake-badder-1g,EXTRACT,,1G,16,20.0,20,72.6,,https://d14jfwlo68bhyr.cloudfront.net/products/1783456012622-0a9a94b6-d9f2-4406-b04d-4d12ab7601c3.webp,https://catalyst-cannabis.com/product/cat4-wedding-cake-badder-1g,019d4f82-1385-777a-870a-aadac762fc1a,CAT4 Wedding Cake Badder 1G with 72.60% THC,"This creamy Wedding Cake badder from CAT4 delivers the classic sweet vanilla and earthy flavors that made this strain famous. The smooth, whipped texture makes it perfect for dabbing, offering potent effects that start cerebral and melt into full-body relaxation. Ideal for evening sessions when you want to unwind and let stress fade away."
Guava Punch Badder 1G,cat4-guava-punch-badder-1g,EXTRACT,,1G,16,20.0,20,72.2,,https://d14jfwlo68bhyr.cloudfront.net/products/1777432285068-3f6c42cc-6bfc-4699-b479-0946cc78e772.webp,https://catalyst-cannabis.com/product/cat4-guava-punch-badder-1g,019d4f82-3ec5-7f91-b328-033c0847d446,CAT4 Guava Punch Badder 1G with 72.20% THC,"This premium badder concentrate from CAT4 delivers the tropical sweetness of guava with a punchy, fruity finish that's perfect for dabbing enthusiasts. The smooth, creamy texture melts effortlessly, providing potent effects ideal for experienced cannabis users seeking a flavorful concentrate experience."
Private Reserve OG Infused Pre-roll 2 Pack 1G,cat4-private-reserve-og-infused-preroll-2-pack-1g,PREROLL,Indica,1G,10.8,13.5,20,32.9,,https://d14jfwlo68bhyr.cloudfront.net/products/1776914097174-75e9ea6d-d0e7-4b8c-b49f-914dcaf718b2.webp,https://catalyst-cannabis.com/product/cat4-private-reserve-og-infused-preroll-2-pack-1g,019aa7aa-4423-7ee2-a856-c31a59a4e792,CAT4 Private Reserve OG Infused Pre-roll 2 Pack 1G with 32.90% THC,"The CAT4 Private Reserve OG Infused Pre-Roll 2-Pack contains two 0.5-gram joints, totaling 1.0 gram of cannabis material. This product is part of the high-potency infused pre-roll line from CAT4 (associated with Catalyst Cannabis). The joint is infused with cannabis concentrate (like distillate or hash) and often coated in kief, making it significantly more potent than a standard joint. Private Reserve OG is celebrated for its classic, pungent, OG-family flavor profile."
Black Cherry Gelato Badder 1G,cat4-black-cherry-gelato-badder-1g,EXTRACT,,1G,16,20.0,20,71.6,,https://d14jfwlo68bhyr.cloudfront.net/products/1783452170364-173a17d6-7c9e-41f4-9cc7-fea03d0a2b54.webp,https://catalyst-cannabis.com/product/cat4-black-cherry-gelato-badder-1g,019d4f82-973c-75b9-9c90-4398ae119de8,CAT4 Black Cherry Gelato Badder 1G with 71.60% THC,"This premium cannabis badder from CAT4 delivers the rich, fruity essence of Black Cherry Gelato in a smooth, creamy concentrate that's perfect for dabbing. The 1-gram extract offers potent THC effects with sweet cherry and dessert-like flavors that make each session indulgent. Ideal for experienced cannabis users seeking a flavorful concentrate experience from this dispensary favorite."
Jealousy Pie Badder 1G,cat4-jealousy-pie-badder-1g,EXTRACT,,1G,16,20.0,20,71.0,,https://d14jfwlo68bhyr.cloudfront.net/products/1783455622379-f38e844d-b8ba-4886-a7d6-61f31f3d9b1b.webp,https://catalyst-cannabis.com/product/cat4-jealousy-pie-badder-1g,019d4f82-738c-7083-8cdd-fdd0ce2d2142,CAT4 Jealousy Pie Badder 1G with 71.00% THC,"This premium cannabis badder concentrate from CAT4 delivers a creamy, whipped texture that's perfect for dabbing or vaporizing. The Jealousy Pie strain offers a rich, dessert-like flavor profile with potent effects ideal for experienced concentrate enthusiasts. At 1 gram, this extract provides excellent value for those seeking high-quality cannabis concentrates from your local dispensary."
Permanent Marker Badder 1G,cat4-permanent-marker-badder-1g,EXTRACT,,1G,16,20.0,20,70.7,,https://d14jfwlo68bhyr.cloudfront.net/products/1783455933570-533c4f86-04c5-4087-aebd-1c131c27a56f.webp,https://catalyst-cannabis.com/product/cat4-permanent-marker-badder-1g,019d4f82-bba2-741b-9cb5-d3cd96cf346e,CAT4 Permanent Marker Badder 1G with 70.70% THC,"This premium cannabis badder concentrate from CAT4 delivers the potent effects of the renowned Permanent Marker strain in a smooth, creamy texture perfect for dabbing. The badder consistency makes it easy to handle while preserving the strain's distinctive profile and potency. Ideal for experienced cannabis users seeking a high-quality concentrate experience from this popular hybrid strain."
Indica Roll Your Own Shake 28G,cat4-indica-roll-your-own-shake-28g,FLOWER,Indica,28G,32,40.0,20,20.61,,https://d14jfwlo68bhyr.cloudfront.net/products/1776112041762-7207b696-0d75-4305-bc0a-88b89db96643.webp,https://catalyst-cannabis.com/product/cat4-indica-roll-your-own-shake-28g,019d4a7b-89fc-78ac-9e7b-46c52aa62c0a,CAT4 Indica Roll Your Own Shake 28G with 20.61% THC,"This full ounce of premium indica shake from CAT4 delivers the relaxing, full-body effects you expect from quality cannabis flower at an unbeatable value. Perfect for rolling your own joints or blunts, this finely ground indica blend offers deep relaxation and stress relief ideal for evening use. At 28 grams, you get maximum quantity and savings while maintaining the therapeutic benefits of indica strains."
Jet Fuel Grape Infused Pre-roll 5 Pack 2.5G,cat4-jet-fuel-grape-infused-preroll-5-pack-2-5g,PREROLL,,2.5G,24.8,31.0,20,33.03,,https://d14jfwlo68bhyr.cloudfront.net/banners/1773430650634-4d2ea053-0ec5-4347-9197-68fd0f42af7e.webp,https://catalyst-cannabis.com/product/cat4-jet-fuel-grape-infused-preroll-5-pack-2-5g,019c95d7-acba-769e-b101-b0fb410932b7,CAT4 Jet Fuel Grape Infused Pre-roll 5 Pack 2.5G with 33.03% THC,Elevate your day with the Jet Fuel Grape Infused Pre-roll 5 Pack from CAT4. This premium cannabis pre-roll blends the uplifting effects of Jet Fuel with the delightful grape flavor for a truly indulgent experience. Enjoy the convenience of a pre-rolled joint with the added benefits of a full-spectrum cannabis extract.
Jet Fuel Grape Infused Pre-roll 2 Pack 1G,cat4-jet-fuel-grape-infused-preroll-2-pack-1g,PREROLL,,1G,10.8,13.5,20,33.03,,https://d14jfwlo68bhyr.cloudfront.net/banners/1773783309705-9f912380-84bb-4f57-b1e0-db2debefed5d.webp,https://catalyst-cannabis.com/product/cat4-jet-fuel-grape-infused-preroll-2-pack-1g,019c95d8-61ea-77b0-a504-7254813af403,CAT4 Jet Fuel Grape Infused Pre-roll 2 Pack 1G with 33.03% THC,"Elevate your senses with the Jet Fuel Grape Infused Pre-roll 2 Pack 1G from CAT4. Enjoy the dynamic fusion of a potent, full-spectrum cannabis blend infused with a delectable grape flavor. Perfect for a discreet, on-the-go experience that delivers a well-rounded, uplifting high."
Banana Mimosa Rosin 1G,cat4-banana-mimosa-rosin-1g,EXTRACT,,1G,26.4,33.0,20,69.4,,https://d14jfwlo68bhyr.cloudfront.net/products/1782952475774-943b01ae-3f1e-474e-a858-6cea64611914.webp,https://catalyst-cannabis.com/product/cat4-banana-mimosa-rosin-1g,019ef6bc-a774-71f6-a06d-4ee2a05e7b64,CAT4 Banana Mimosa Rosin 1G with 69.40% THC,"Banana Mimosa rosin from CAT4 is a solventless cannabis concentrate pressed into a full gram of pure, terpene-rich extract that captures the strain's signature blend of sweet banana and bright citrus. Rosin is prized for its clean, solvent-free extraction process, delivering an authentic, full-spectrum experience straight from the source material. A solid pick for concentrate enthusiasts looking for a flavorful, high-quality dab at this dispensary's house brand price."
Sour Apple OG Infused Pre-roll 2 Pack 1G,cat4-sour-apple-og-infused-preroll-2-pack-1g,PREROLL,,1G,10.8,13.5,20,36.09,,https://d14jfwlo68bhyr.cloudfront.net/products/1776913859398-8126bad3-825e-4e57-922a-5ac84264ae6d.webp,https://catalyst-cannabis.com/product/cat4-sour-apple-og-infused-preroll-2-pack-1g,019c95d8-82b4-7f96-8272-e4bbb7c4d157,CAT4 Sour Apple OG Infused Pre-roll 2 Pack 1G with 36.09% THC,"Elevate your senses with the Sour Apple OG Infused Pre-roll 2 Pack from CAT4. These premium pre-rolls feature a blend of high-quality cannabis flower infused with a potent cannabis extract, delivering a robust, flavorful experience. Expect a balanced, harmonious high that's perfect for any time of day."
Jet Fuel 14G,cat4-jet-fuel-14g,FLOWER,Indica,14G,92,115.0,20,28.8,,https://d14jfwlo68bhyr.cloudfront.net/banners/1772672462392-136a626f-2c02-4a78-bf7c-e242cb6b7147.webp,https://catalyst-cannabis.com/product/cat4-jet-fuel-14g,019c95cf-ea4b-7309-8894-2547274849d3,CAT4 Jet Fuel 14G with 28.80% THC,"Loud from the jump. Sharp gas and pine come through immediately, with a funky backend that lingers. It has that nose-tingling, high-octane aroma that customers either love or aren’t ready for. The effects land heavy and fast, grounding the body while keeping the mind alert for a bit before it levels out. Great for experienced smokers who want something potent and pungent.
"
Papaya Burger Rosin 1G,cat4-papaya-burger-rosin-1g,EXTRACT,,1G,26.4,33.0,20,68.7,,https://d14jfwlo68bhyr.cloudfront.net/products/1783457055568-828e90d7-3f2a-4326-96a2-79aa3d11fa67.webp,https://catalyst-cannabis.com/product/cat4-papaya-burger-rosin-1g,019ef6bd-2da7-7ae0-98f5-26e801475906,CAT4 Papaya Burger Rosin 1G with 68.70% THC,"Papaya Burger rosin from CAT4 is a solventless cannabis concentrate pressed into a full gram of rich, flavorful extract. The name hints at a terpene profile that blends tropical, fruity papaya notes with a savory, doughy depth — the kind of rosin worth savoring slowly. A solid pick for concentrate enthusiasts who want clean, solventless quality from a dispensary house brand."
Larry Burger 14G,cat4-larry-burger-14g,FLOWER,Indica,14G,92,115.0,20,25.35,,https://d14jfwlo68bhyr.cloudfront.net/banners/1772673064317-2baddf43-ed47-4fc0-aab3-a9feea927476.webp,https://catalyst-cannabis.com/product/cat4-larry-burger-14g,019c95d0-3131-75c0-8907-ff07c1d9c089,CAT4 Larry Burger 14G with 25.35% THC,"Savory and loud in the best way. This one leans into that garlicky, diesel-heavy funk that fills a room the second you crack the jar. It’s rich, slightly chemical on the nose, and unapologetically bold, like a greasy late-night classic done right. The high sinks into the body with a relaxing, hazy calm that makes it perfect for evenings or serious unwinding.
"
Venom OG 3.5G,cat4-venom-og-3-5g,FLOWER,Indica,3.5G,40.8,51.0,20,29.07,,https://d14jfwlo68bhyr.cloudfront.net/products/1777088553137-dec660f2-480d-406f-bc80-36918b548371.webp,https://catalyst-cannabis.com/product/cat4-venom-og-3-5g,019c95cf-52a6-7948-a193-5117dd6cb87c,CAT4 Venom OG 3.5G with 29.07% THC,"Venom OG starts off smooth and creamy with a subtle sweetness, then that sharp, gassy edge slides in and reminds you it has some bite. There’s a deep creamy OG backbone underneath that gives it weight and presence, making the flavor feel layered and full rather than one-note. The effects build gradually, settling into the body with a heavy calm while keeping the mind steady and composed, making it a strong but controlled option for customers who want something potent without feeling out of control.
"
Venom OG 14G,cat4-venom-og-14g,FLOWER,Indica,14G,92,115.0,20,29.07,,https://d14jfwlo68bhyr.cloudfront.net/banners/1772673510899-954da9e7-5f33-4f92-b61c-e6d6f7b29bf5.webp,https://catalyst-cannabis.com/product/cat4-venom-og-14g,019c95cf-90b9-78e2-9cb9-c8d081ed7ec4,CAT4 Venom OG 14G with 29.07% THC,"Venom OG starts off smooth and creamy with a subtle sweetness, then that sharp, gassy edge slides in and reminds you it has some bite. There’s a deep creamy OG backbone underneath that gives it weight and presence, making the flavor feel layered and full rather than one-note. The effects build gradually, settling into the body with a heavy calm while keeping the mind steady and composed, making it a strong but controlled option for customers who want something potent without feeling out of control.
"
Larry Burger 3.5G,cat4-larry-burger-3-5g,FLOWER,Indica,3.5G,40.8,51.0,20,26.92,,https://d14jfwlo68bhyr.cloudfront.net/products/1778615908156-f87163c6-a285-4302-87fa-d33e9cf61c6b.webp,https://catalyst-cannabis.com/product/cat4-larry-burger-3-5g,019c95ce-cc46-7f68-82f7-27fc854173d8,CAT4 Larry Burger 3.5G with 26.92% THC,"Savory and loud in the best way. This one leans into that garlicky, diesel-heavy funk that fills a room the second you crack the jar. It’s rich, slightly chemical on the nose, and unapologetically bold, like a greasy late-night classic done right. The high sinks into the body with a relaxing, hazy calm that makes it perfect for evenings or serious unwinding.
"
Lemon Diesel 14G,cat4-lemon-diesel-14g,FLOWER,Sativa,14G,92,115.0,20,29.02,,https://d14jfwlo68bhyr.cloudfront.net/products/1778615269948-48fabf04-a5e6-4766-9e2c-0bce4dec1bea.webp,https://catalyst-cannabis.com/product/cat4-lemon-diesel-14g,019de5f4-8ed9-7e39-ad19-37d6e1f69025,CAT4 Lemon Diesel 14G with 29.02% THC,This CAT4 Lemon Diesel flower delivers a bright citrus aroma with diesel undertones in a convenient 14-gram pre-pack. Perfect for cannabis enthusiasts seeking a generous quantity of quality flower from our house brand dispensary selection.
Lemon Diesel 3.5G,cat4-lemon-diesel-3-5g,FLOWER,Sativa,3.5G,40.8,51.0,20,21.57,,https://d14jfwlo68bhyr.cloudfront.net/products/1778615616388-27a1c04d-a745-4f45-b149-7af782e49246.webp,https://catalyst-cannabis.com/product/cat4-lemon-diesel-3-5g,019de5f5-55d5-7873-9a4f-f1058f4b5336,CAT4 Lemon Diesel 3.5G with 21.57% THC,"This energizing sativa-leaning hybrid from CAT4 delivers bright citrus and diesel aromas with an uplifting cerebral buzz perfect for daytime use. The 3.5 gram pre-pack flower offers focused creativity and motivation, making it ideal for tackling projects or social activities when you need that extra spark of energy."
Sherbert Cream Pie 14G,cat4-sherbert-cream-pie-14g,FLOWER,,14G,92,115.0,20,25.11,,https://d14jfwlo68bhyr.cloudfront.net/products/1778807984714-f143de2c-06de-4200-9578-c2ecc2e5ca38.webp,https://catalyst-cannabis.com/product/cat4-sherbert-cream-pie-14g,019e17d9-8641-7a8b-8bd4-376bc09b9250,CAT4 Sherbert Cream Pie 14G with 25.11% THC,"This CAT4 cannabis flower delivers sweet, creamy dessert flavors reminiscent of sherbet and pie crust in a convenient 14-gram pre-pack. Perfect for sharing or stocking up on quality flower from our dispensary's house brand selection."
Garlic Fuel 14G,cat4-garlic-fuel-14g,FLOWER,,14G,92,115.0,20,24.96,,https://d14jfwlo68bhyr.cloudfront.net/products/1779415879494-fb6f8ec1-28f4-4ff9-9584-82d691e7f27c.webp,https://catalyst-cannabis.com/product/cat4-garlic-fuel-14g,019e17da-2e2e-7d7a-acdc-79c579511b0e,CAT4 Garlic Fuel 14G with 24.96% THC,"This CAT4 cannabis flower delivers the bold, pungent aroma that Garlic Fuel is known for, combining savory garlic notes with diesel undertones. At 14 grams, this pre-packed flower offers substantial value for cannabis enthusiasts seeking a potent, flavorful experience. Perfect for those who appreciate unique terpene profiles and robust effects from quality dispensary flower."
Garlic Fuel 3.5G,cat4-garlic-fuel-3-5g,FLOWER,,3.5G,40.8,51.0,20,24.98,,https://d14jfwlo68bhyr.cloudfront.net/products/1779054518470-257bdffb-fc70-4e04-b4d5-58949db1f0b8.webp,https://catalyst-cannabis.com/product/cat4-garlic-fuel-3-5g,019de5f6-009f-7d12-bf1e-3f725ff0af19,CAT4 Garlic Fuel 3.5G with 24.98% THC,"This CAT4 pre-packaged flower delivers a pungent, fuel-forward aroma with savory garlic undertones that cannabis connoisseurs will appreciate. The 3.5-gram eighth offers a potent, full-bodied experience perfect for seasoned users seeking strong effects and distinctive flavor profiles."
King Louie OG Pre-roll Single 1G,cat4-king-louie-og-preroll-single-1g,PREROLL,,1G,3.6,4.5,20,0.0,,https://d14jfwlo68bhyr.cloudfront.net/products/1783455882841-5e88b292-3097-4199-896f-4136eaa6f236.webp,https://catalyst-cannabis.com/product/cat4-king-louie-og-preroll-single-1g,019f23ee-70e5-75a2-87f5-84947bd56fa6,CAT4 King Louie OG Pre-roll Single 1G with 0% THC,
Durban Poison Pre-roll Single 1G,cat4-durban-poison-preroll-single-1g,PREROLL,,1G,3.6,4.5,20,0.0,,https://d14jfwlo68bhyr.cloudfront.net/products/1783455149021-08212dcf-5844-4f09-9855-b8e48f36a0aa.webp,https://catalyst-cannabis.com/product/cat4-durban-poison-preroll-single-1g,019f23ee-4eef-7c11-8703-66ad2132579d,CAT4 Durban Poison Pre-roll Single 1G with 0% THC,"A classic sativa pre-roll from Catalyst's own CAT4 line, Durban Poison is a legendary South African landrace strain known for its sweet, anise-like aroma with earthy undertones and an energizing, clear-headed cannabis experience. This ready-to-spark 1g pre-roll is a go-to for daytime use — great for staying focused, creative, or social without the heaviness of an indica. Pick it up at the dispensary and see why Durban Poison has stayed a staple for sativa lovers for decades."
Durban Poison Pre-roll 10 Pack 10G,cat4-durban-poison-preroll-10-pack-10g,PREROLL,,10G,32,40.0,20,0.0,,https://d14jfwlo68bhyr.cloudfront.net/products/1783455065452-cecab4a0-94e9-40af-99c0-c4a2871e441d.webp,https://catalyst-cannabis.com/product/cat4-durban-poison-preroll-10-pack-10g,019f23ed-e6a0-7256-bee9-eb45b22dfb68,CAT4 Durban Poison Pre-roll 10 Pack 10G with 0% THC,"Durban Poison is a legendary pure sativa cannabis strain known for its sharp, sweet anise and pine aroma with an energizing, clear-headed effect that's built for daytime use. This CAT4 pre-roll 10-pack delivers 10 grams of flower across the full set, making it a solid grab for anyone who wants a ready-to-go session without the prep. Pick these up at the dispensary when you need a focused, uplifting smoke that keeps you moving."
King Louie OG Pre-roll 10 Pack 10G,cat4-king-louie-og-preroll-10-pack-10g,PREROLL,,10G,32,40.0,20,0.0,,https://d14jfwlo68bhyr.cloudfront.net/products/1783455828475-f6f34b4d-186d-4d3d-93bd-c6f10f995503.webp,https://catalyst-cannabis.com/product/cat4-king-louie-og-preroll-10-pack-10g,019f23ed-ae44-73aa-ac37-58a50d63a982,CAT4 King Louie OG Pre-roll 10 Pack 10G with 0% THC,
